pid,Name,Image List,Image,Image Shiny,Type,Sleep Type,Specialty,Berry,Berry Quantity,Skill,Skill Description,Base Frequency,Carry Limit,Friendship Points Needed,Recruit Experience,Recruit Shards,Ingredients_1,Ingredients_2,Ingredients_3,Location_1,Location_2,Location_3,Location_4
#0001,妙蛙種子,https://www.serebii.net/pokemonsleep/pokemon/icon/001.png,https://www.serebii.net/pokemonsleep/pokemon/1.png,https://www.serebii.net/pokemonsleep/pokemon/shiny/1.png,草,淺淺入夢,食材,金枕果,1,食材獲取S,隨機獲得6個食材。,01:13:20,11,5,18,39,甜甜蜜,窩心洋芋,好眠番茄,True,False,False,False
#0002,妙蛙草,https://www.serebii.net/pokemonsleep/pokemon/icon/002.png,https://www.serebii.net/pokemonsleep/pokemon/2.png,https://www.serebii.net/pokemonsleep/pokemon/shiny/2.png,草,淺淺入夢,食材,金枕果,1,食材獲取S,隨機獲得6個食材。,00:55:00,14,12,116,245,甜甜蜜,窩心洋芋,好眠番茄,True,False,False,False
#0003,妙蛙花,https://www.serebii.net/pokemonsleep/pokemon/icon/003.png,https://www.serebii.net/pokemonsleep/pokemon/3.png,https://www.serebii.net/pokemonsleep/pokemon/shiny/3.png,草,淺淺入夢,食材,金枕果,1,食材獲取S,隨機獲得6個食材。,00:46:40,17,20,574,1033,甜甜蜜,窩心洋芋,好眠番茄,True,False,False,False
#0004,小火龍,https://www.serebii.net/pokemonsleep/pokemon/icon/004.png,https://www.serebii.net/pokemonsleep/pokemon/4.png,https://www.serebii.net/pokemonsleep/pokemon/shiny/4.png,火,安然入睡,食材,蘋野果,1,食材獲取S,隨機獲得6個食材。,00:58:20,12,5,16,42,豆製肉,暖暖薑,火辣香草,True,False,False,False
#0005,火恐龍,https://www.serebii.net/pokemonsleep/pokemon/icon/005.png,https://www.serebii.net/pokemonsleep/pokemon/5.png,https://www.serebii.net/pokemonsleep/pokemon/shiny/5.png,火,安然入睡,食材,蘋野果,1,食材獲取S,隨機獲得6個食材。,00:50:00,15,12,116,245,豆製肉,暖暖薑,火辣香草,True,False,False,False
#0006,噴火龍,https://www.serebii.net/pokemonsleep/pokemon/icon/006.png,https://www.serebii.net/pokemonsleep/pokemon/6.png,https://www.serebii.net/pokemonsleep/pokemon/shiny/6.png,火,安然入睡,食材,蘋野果,1,食材獲取S,隨機獲得6個食材。,00:40:00,19,20,528,1116,豆製肉,暖暖薑,火辣香草,True,False,False,False
#0007,傑尼龜,https://www.serebii.net/pokemonsleep/pokemon/icon/007.png,https://www.serebii.net/pokemonsleep/pokemon/7.png,https://www.serebii.net/pokemonsleep/pokemon/shiny/7.png,水,深深入眠,食材,橙橙果,1,食材獲取S,隨機獲得6個食材。,01:15:00,10,5,18,39,哞哞鮮奶,放鬆可可,豆製肉,True,True,True,False
#0008,卡咪龜,https://www.serebii.net/pokemonsleep/pokemon/icon/008.png,https://www.serebii.net/pokemonsleep/pokemon/8.png,https://www.serebii.net/pokemonsleep/pokemon/shiny/8.png,水,深深入眠,食材,橙橙果,1,食材獲取S,隨機獲得6個食材。,00:56:40,14,12,116,245,哞哞鮮奶,放鬆可可,豆製肉,True,True,True,False
#0009,水箭龜,https://www.serebii.net/pokemonsleep/pokemon/icon/009.png,https://www.serebii.net/pokemonsleep/pokemon/9.png,https://www.serebii.net/pokemonsleep/pokemon/shiny/9.png,水,深深入眠,食材,橙橙果,1,食材獲取S,隨機獲得6個食材。,00:46:40,17,20,528,1116,哞哞鮮奶,放鬆可可,豆製肉,True,True,True,False
#0010,綠毛蟲,https://www.serebii.net/pokemonsleep/pokemon/icon/010.png,https://www.serebii.net/pokemonsleep/pokemon/10.png,https://www.serebii.net/pokemonsleep/pokemon/shiny/10.png,蟲,淺淺入夢,樹果,木子果,2,食材獲取S,隨機獲得6個食材。,01:13:20,11,5,11,12,甜甜蜜,好眠番茄,萌綠大豆,True,True,True,False
#0011,鐵甲蛹,https://www.serebii.net/pokemonsleep/pokemon/icon/011.png,https://www.serebii.net/pokemonsleep/pokemon/11.png,https://www.serebii.net/pokemonsleep/pokemon/shiny/11.png,蟲,淺淺入夢,樹果,木子果,2,食材獲取S,隨機獲得6個食材。,01:10:00,13,7,29,31,甜甜蜜,好眠番茄,萌綠大豆,True,False,False,False
#0012,巴大蝶,https://www.serebii.net/pokemonsleep/pokemon/icon/012.png,https://www.serebii.net/pokemonsleep/pokemon/12.png,https://www.serebii.net/pokemonsleep/pokemon/shiny/12.png,蟲,淺淺入夢,樹果,木子果,2,食材獲取S,隨機獲得6個食材。,00:43:20,21,15,397,715,甜甜蜜,好眠番茄,萌綠大豆,True,False,False,False
#0019,小拉達,https://www.serebii.net/pokemonsleep/pokemon/icon/019.png,https://www.serebii.net/pokemonsleep/pokemon/19.png,https://www.serebii.net/pokemonsleep/pokemon/shiny/19.png,一般,安然入睡,樹果,柿仔果,2,活力填充S,讓自己回復活力12。,01:21:40,10,5,7,20,特選蘋果,萌綠大豆,豆製肉,True,True,True,False
#0020,拉達,https://www.serebii.net/pokemonsleep/pokemon/icon/020.png,https://www.serebii.net/pokemonsleep/pokemon/20.png,https://www.serebii.net/pokemonsleep/pokemon/shiny/20.png,一般,安然入睡,樹果,柿仔果,2,活力填充S,讓自己回復活力12。,00:53:20,16,12,60,155,特選蘋果,萌綠大豆,豆製肉,True,True,True,False
#0023,阿柏蛇,https://www.serebii.net/pokemonsleep/pokemon/icon/023.png,https://www.serebii.net/pokemonsleep/pokemon/23.png,https://www.serebii.net/pokemonsleep/pokemon/shiny/23.png,毒,淺淺入夢,樹果,零餘果,2,活力填充S,讓自己回復活力12。,01:23:20,10,5,7,19,豆製肉,特選蛋,火辣香草,True,True,True,False
#0024,阿柏怪,https://www.serebii.net/pokemonsleep/pokemon/icon/024.png,https://www.serebii.net/pokemonsleep/pokemon/24.png,https://www.serebii.net/pokemonsleep/pokemon/shiny/24.png,毒,淺淺入夢,樹果,零餘果,2,活力填充S,讓自己回復活力12。,01:01:40,14,12,103,268,豆製肉,特選蛋,火辣香草,True,True,True,False
#0025,皮卡丘,https://www.serebii.net/pokemonsleep/pokemon/icon/025.png,https://www.serebii.net/pokemonsleep/pokemon/25.png,https://www.serebii.net/pokemonsleep/pokemon/shiny/25.png,電,安然入睡,樹果,萄葡果,2,能量填充S,卡比獸的能量增加400。,00:45:00,17,7,7,20,特選蘋果,特選蛋,暖暖薑,True,True,True,False
#0026,雷丘,https://www.serebii.net/pokemonsleep/pokemon/icon/026.png,https://www.serebii.net/pokemonsleep/pokemon/26.png,https://www.serebii.net/pokemonsleep/pokemon/shiny/26.png,電,安然入睡,樹果,萄葡果,2,能量填充S,卡比獸的能量增加400。,00:36:40,21,18,326,844,特選蘋果,特選蛋,暖暖薑,True,False,False,False
#0039,胖丁,https://www.serebii.net/pokemonsleep/pokemon/icon/039.png,https://www.serebii.net/pokemonsleep/pokemon/39.png,https://www.serebii.net/pokemonsleep/pokemon/shiny/39.png,妖精,安然入睡,技能,桃桃果,1,活力全體療癒S,讓幫手隊伍的寶可夢回復活力5。,01:05:00,9,7,23,24,甜甜蜜,純粹油,放鬆可可,True,True,True,False
#0040,胖可丁,https://www.serebii.net/pokemonsleep/pokemon/icon/040.png,https://www.serebii.net/pokemonsleep/pokemon/40.png,https://www.serebii.net/pokemonsleep/pokemon/shiny/40.png,妖精,安然入睡,技能,桃桃果,1,活力全體療癒S,讓幫手隊伍的寶可夢回復活力5。,00:48:20,13,16,253,273,甜甜蜜,純粹油,放鬆可可,True,True,True,False
#0050,地鼠,https://www.serebii.net/pokemonsleep/pokemon/icon/050.png,https://www.serebii.net/pokemonsleep/pokemon/50.png,https://www.serebii.net/pokemonsleep/pokemon/shiny/50.png,地面,安然入睡,食材,勿花果,1,能量填充S,卡比獸的能量增加400。,01:11:40,10,5,7,20,好眠番茄,粗枝大蔥,萌綠大豆,True,True,True,False
#0051,三地鼠,https://www.serebii.net/pokemonsleep/pokemon/icon/051.png,https://www.serebii.net/pokemonsleep/pokemon/51.png,https://www.serebii.net/pokemonsleep/pokemon/shiny/51.png,地面,安然入睡,食材,勿花果,1,能量填充S,卡比獸的能量增加400。,00:46:40,16,12,95,284,好眠番茄,粗枝大蔥,萌綠大豆,True,False,False,False
#0052,喵喵,https://www.serebii.net/pokemonsleep/pokemon/icon/052.png,https://www.serebii.net/pokemonsleep/pokemon/52.png,https://www.serebii.net/pokemonsleep/pokemon/shiny/52.png,一般,安然入睡,技能,柿仔果,1,夢之碎片獲取S,獲得88個夢之碎片。,01:13:20,9,5,8,17,哞哞鮮奶,豆製肉,,True,False,False,False
#0053,貓老大,https://www.serebii.net/pokemonsleep/pokemon/icon/053.png,https://www.serebii.net/pokemonsleep/pokemon/53.png,https://www.serebii.net/pokemonsleep/pokemon/shiny/53.png,一般,安然入睡,技能,柿仔果,1,夢之碎片獲取S,獲得88個夢之碎片。,00:50:00,12,12,116,245,哞哞鮮奶,豆製肉,,True,False,False,False
#0054,可達鴨,https://www.serebii.net/pokemonsleep/pokemon/icon/054.png,https://www.serebii.net/pokemonsleep/pokemon/54.png,https://www.serebii.net/pokemonsleep/pokemon/shiny/54.png,水,淺淺入夢,技能,橙橙果,1,能量填充S,卡比獸的能量增加200~800。,01:30:00,8,5,9,16,放鬆可可,品鮮蘑菇,豆製肉,True,True,True,False
#0055,哥達鴨,https://www.serebii.net/pokemonsleep/pokemon/icon/055.png,https://www.serebii.net/pokemonsleep/pokemon/55.png,https://www.serebii.net/pokemonsleep/pokemon/shiny/55.png,水,深深入眠,技能,橙橙果,1,能量填充S,卡比獸的能量增加200~800。,00:56:40,11,12,126,227,放鬆可可,品鮮蘑菇,豆製肉,False,True,True,False
#0056,猴怪,https://www.serebii.net/pokemonsleep/pokemon/icon/056.png,https://www.serebii.net/pokemonsleep/pokemon/56.png,https://www.serebii.net/pokemonsleep/pokemon/shiny/56.png,格鬥,淺淺入夢,樹果,櫻子果,2,能量填充S,卡比獸的能量增加200~800。,01:10:00,12,5,7,19,豆製肉,品鮮蘑菇,甜甜蜜,True,True,True,False
#0057,火爆猴,https://www.serebii.net/pokemonsleep/pokemon/icon/057.png,https://www.serebii.net/pokemonsleep/pokemon/57.png,https://www.serebii.net/pokemonsleep/pokemon/shiny/57.png,格鬥,淺淺入夢,樹果,櫻子果,2,能量填充S,卡比獸的能量增加200~800。,00:46:40,17,12,116,245,豆製肉,品鮮蘑菇,甜甜蜜,True,True,True,False
#0058,卡蒂狗,https://www.serebii.net/pokemonsleep/pokemon/icon/058.png,https://www.serebii.net/pokemonsleep/pokemon/58.png,https://www.serebii.net/pokemonsleep/pokemon/shiny/58.png,火,安然入睡,技能,蘋野果,1,幫手支援S,幫手寶可夢中的某一隻會立刻完成4次幫忙。,01:11:40,8,5,9,16,火辣香草,豆製肉,哞哞鮮奶,True,True,True,False
#0059,風速狗,https://www.serebii.net/pokemonsleep/pokemon/icon/059.png,https://www.serebii.net/pokemonsleep/pokemon/59.png,https://www.serebii.net/pokemonsleep/pokemon/shiny/59.png,火,安然入睡,技能,蘋野果,1,幫手支援S,幫手寶可夢中的某一隻會立刻完成4次幫忙。,00:41:40,16,20,666,1199,火辣香草,豆製肉,哞哞鮮奶,False,False,False,False
#0069,喇叭芽,https://www.serebii.net/pokemonsleep/pokemon/icon/069.png,https://www.serebii.net/pokemonsleep/pokemon/69.png,https://www.serebii.net/pokemonsleep/pokemon/shiny/69.png,草,淺淺入夢,食材,金枕果,1,活力填充S,讓自己回復活力12。,01:26:40,8,5,9,16,好眠番茄,窩心洋芋,粗枝大蔥,True,True,True,False
#0070,口呆花,https://www.serebii.net/pokemonsleep/pokemon/icon/070.png,https://www.serebii.net/pokemonsleep/pokemon/70.png,https://www.serebii.net/pokemonsleep/pokemon/shiny/70.png,草,淺淺入夢,食材,金枕果,1,活力填充S,讓自己回復活力12。,01:03:20,12,12,73,131,好眠番茄,窩心洋芋,粗枝大蔥,True,True,True,False
#0071,大食花,https://www.serebii.net/pokemonsleep/pokemon/icon/071.png,https://www.serebii.net/pokemonsleep/pokemon/71.png,https://www.serebii.net/pokemonsleep/pokemon/shiny/71.png,草,淺淺入夢,食材,金枕果,1,活力填充S,讓自己回復活力12。,00:46:40,17,20,397,715,好眠番茄,窩心洋芋,粗枝大蔥,True,False,False,False
#0074,小拳石,https://www.serebii.net/pokemonsleep/pokemon/icon/074.png,https://www.serebii.net/pokemonsleep/pokemon/74.png,https://www.serebii.net/pokemonsleep/pokemon/shiny/74.png,岩石,深深入眠,食材,文柚果,1,能量填充S,卡比獸的能量增加200~800。,01:35:00,9,5,7,19,萌綠大豆,品鮮蘑菇,窩心洋芋,True,False,False,False
#0075,隆隆石,https://www.serebii.net/pokemonsleep/pokemon/icon/075.png,https://www.serebii.net/pokemonsleep/pokemon/75.png,https://www.serebii.net/pokemonsleep/pokemon/shiny/75.png,岩石,深深入眠,食材,文柚果,1,能量填充S,卡比獸的能量增加200~800。,01:06:40,12,12,67,141,萌綠大豆,品鮮蘑菇,窩心洋芋,True,False,False,False
#0076,隆隆岩,https://www.serebii.net/pokemonsleep/pokemon/icon/076.png,https://www.serebii.net/pokemonsleep/pokemon/76.png,https://www.serebii.net/pokemonsleep/pokemon/shiny/76.png,岩石,深深入眠,食材,文柚果,1,能量填充S,卡比獸的能量增加200~800。,00:51:40,16,22,574,1033,萌綠大豆,品鮮蘑菇,窩心洋芋,False,False,False,False
#0079,呆呆獸,https://www.serebii.net/pokemonsleep/pokemon/icon/079.png,https://www.serebii.net/pokemonsleep/pokemon/79.png,https://www.serebii.net/pokemonsleep/pokemon/shiny/79.png,水,安然入睡,技能,橙橙果,1,活力療癒S,隨機讓自己以外的寶可夢回復活力14。,01:35:00,9,5,11,12,放鬆可可,美味尾巴,好眠番茄,True,True,True,False
#0080,呆殼獸,https://www.serebii.net/pokemonsleep/pokemon/icon/080.png,https://www.serebii.net/pokemonsleep/pokemon/80.png,https://www.serebii.net/pokemonsleep/pokemon/shiny/80.png,水,安然入睡,技能,橙橙果,1,活力療癒S,隨機讓自己以外的寶可夢回復活力14。,01:03:20,10,12,136,209,放鬆可可,美味尾巴,好眠番茄,True,True,True,False
#0081,小磁怪,https://www.serebii.net/pokemonsleep/pokemon/icon/081.png,https://www.serebii.net/pokemonsleep/pokemon/81.png,https://www.serebii.net/pokemonsleep/pokemon/shiny/81.png,鋼,深深入眠,技能,靛莓果,1,料理強化S,增加下一次料理時的鍋子容量，讓鍋子能多放7個食材。,01:36:40,8,5,7,20,純粹油,火辣香草,,True,False,False,False
#0082,三合一磁怪,https://www.serebii.net/pokemonsleep/pokemon/icon/082.png,https://www.serebii.net/pokemonsleep/pokemon/82.png,https://www.serebii.net/pokemonsleep/pokemon/shiny/82.png,鋼,深深入眠,技能,靛莓果,1,料理強化S,增加下一次料理時的鍋子容量，讓鍋子能多放7個食材。,01:06:40,11,12,95,284,純粹油,火辣香草,,True,False,False,False
#0084,嘟嘟,https://www.serebii.net/pokemonsleep/pokemon/icon/084.png,https://www.serebii.net/pokemonsleep/pokemon/84.png,https://www.serebii.net/pokemonsleep/pokemon/shiny/84.png,飛行,深深入眠,樹果,椰木果,2,活力填充S,讓自己回復活力12。,01:03:20,13,5,7,20,萌綠大豆,放鬆可可,豆製肉,True,False,False,False
#0085,嘟嘟利,https://www.serebii.net/pokemonsleep/pokemon/icon/085.png,https://www.serebii.net/pokemonsleep/pokemon/85.png,https://www.serebii.net/pokemonsleep/pokemon/shiny/85.png,飛行,深深入眠,樹果,椰木果,2,活力填充S,讓自己回復活力12。,00:40:00,21,12,60,155,萌綠大豆,放鬆可可,豆製肉,True,False,False,False
#0092,鬼斯,https://www.serebii.net/pokemonsleep/pokemon/icon/092.png,https://www.serebii.net/pokemonsleep/pokemon/92.png,https://www.serebii.net/pokemonsleep/pokemon/shiny/92.png,幽靈,淺淺入夢,食材,墨莓果,1,能量填充S,卡比獸的能量增加200~800。,01:03:20,10,5,7,20,火辣香草,品鮮蘑菇,純粹油,True,False,False,False
#0093,鬼斯通,https://www.serebii.net/pokemonsleep/pokemon/icon/093.png,https://www.serebii.net/pokemonsleep/pokemon/93.png,https://www.serebii.net/pokemonsleep/pokemon/shiny/93.png,幽靈,淺淺入夢,食材,墨莓果,1,能量填充S,卡比獸的能量增加200~800。,00:50:00,14,12,62,186,火辣香草,品鮮蘑菇,純粹油,True,False,False,False
#0094,耿鬼,https://www.serebii.net/pokemonsleep/pokemon/icon/094.png,https://www.serebii.net/pokemonsleep/pokemon/94.png,https://www.serebii.net/pokemonsleep/pokemon/shiny/94.png,幽靈,淺淺入夢,食材,墨莓果,1,能量填充S,卡比獸的能量增加200~800。,00:36:40,18,22,431,1291,火辣香草,品鮮蘑菇,純粹油,False,False,False,False
#0104,卡拉卡拉,https://www.serebii.net/pokemonsleep/pokemon/icon/104.png,https://www.serebii.net/pokemonsleep/pokemon/104.png,https://www.serebii.net/pokemonsleep/pokemon/shiny/104.png,地面,深深入眠,樹果,勿花果,2,活力填充S,讓自己回復活力12。,01:20:00,10,5,9,16,暖暖薑,放鬆可可,,True,False,False,False
#0105,嘎啦嘎啦,https://www.serebii.net/pokemonsleep/pokemon/icon/105.png,https://www.serebii.net/pokemonsleep/pokemon/105.png,https://www.serebii.net/pokemonsleep/pokemon/shiny/105.png,地面,深深入眠,樹果,勿花果,2,活力填充S,讓自己回復活力12。,00:58:20,15,12,93,197,暖暖薑,放鬆可可,,True,False,False,False
#0115,袋獸,https://www.serebii.net/pokemonsleep/pokemon/icon/115.png,https://www.serebii.net/pokemonsleep/pokemon/115.png,https://www.serebii.net/pokemonsleep/pokemon/shiny/115.png,一般,安然入睡,食材,柿仔果,1,食材獲取S,隨機獲得6個食材。,00:46:40,16,16,416,449,暖暖薑,窩心洋芋,萌綠大豆,True,True,True,False
#0127,凱羅斯,https://www.serebii.net/pokemonsleep/pokemon/icon/127.png,https://www.serebii.net/pokemonsleep/pokemon/127.png,https://www.serebii.net/pokemonsleep/pokemon/shiny/127.png,蟲,淺淺入夢,食材,木子果,1,能量填充S,卡比獸的能量增加400。,00:40:00,19,16,235,608,甜甜蜜,豆製肉,,True,True,True,False
#0132,百變怪,https://www.serebii.net/pokemonsleep/pokemon/icon/132.png,https://www.serebii.net/pokemonsleep/pokemon/132.png,https://www.serebii.net/pokemonsleep/pokemon/shiny/132.png,一般,安然入睡,,柿仔果,1,能量填充S,卡比獸的能量增加200~800。,00:58:20,13,16,219,394,純粹油,粗枝大蔥,美味尾巴,True,True,True,False
#0133,伊布,https://www.serebii.net/pokemonsleep/pokemon/icon/133.png,https://www.serebii.net/pokemonsleep/pokemon/133.png,https://www.serebii.net/pokemonsleep/pokemon/shiny/133.png,一般,安然入睡,技能,柿仔果,1,食材獲取S,隨機獲得6個食材。,01:01:40,12,5,20,36,哞哞鮮奶,放鬆可可,豆製肉,True,True,True,False
#0134,水伊布,https://www.serebii.net/pokemonsleep/pokemon/icon/134.png,https://www.serebii.net/pokemonsleep/pokemon/134.png,https://www.serebii.net/pokemonsleep/pokemon/shiny/134.png,水,深深入眠,技能,橙橙果,1,食材獲取S,隨機獲得6個食材。,00:51:40,13,20,675,729,哞哞鮮奶,放鬆可可,豆製肉,False,True,True,False
#0135,雷伊布,https://www.serebii.net/pokemonsleep/pokemon/icon/135.png,https://www.serebii.net/pokemonsleep/pokemon/135.png,https://www.serebii.net/pokemonsleep/pokemon/shiny/135.png,電,安然入睡,技能,萄葡果,1,幫手支援S,幫手寶可夢中的某一隻會立刻完成4次幫忙。,00:36:40,17,20,443,1147,哞哞鮮奶,放鬆可可,豆製肉,True,False,False,False
#0136,火伊布,https://www.serebii.net/pokemonsleep/pokemon/icon/136.png,https://www.serebii.net/pokemonsleep/pokemon/136.png,https://www.serebii.net/pokemonsleep/pokemon/shiny/136.png,火,安然入睡,技能,蘋野果,1,料理強化S,增加下一次料理時的鍋子容量，讓鍋子能多放7個食材。,00:45:00,14,20,443,1147,哞哞鮮奶,放鬆可可,豆製肉,False,False,False,False
#0152,菊草葉,https://www.serebii.net/pokemonsleep/pokemon/icon/152.png,https://www.serebii.net/pokemonsleep/pokemon/152.png,https://www.serebii.net/pokemonsleep/pokemon/shiny/152.png,草,淺淺入夢,樹果,金枕果,2,能量填充S,卡比獸的能量增加200~800。,01:13:20,12,5,18,39,放鬆可可,甜甜蜜,粗枝大蔥,True,True,True,False
#0153,月桂葉,https://www.serebii.net/pokemonsleep/pokemon/icon/153.png,https://www.serebii.net/pokemonsleep/pokemon/153.png,https://www.serebii.net/pokemonsleep/pokemon/shiny/153.png,草,淺淺入夢,樹果,金枕果,2,能量填充S,卡比獸的能量增加200~800。,00:55:00,17,12,116,245,放鬆可可,甜甜蜜,粗枝大蔥,False,False,False,False
#0154,大竺葵,https://www.serebii.net/pokemonsleep/pokemon/icon/154.png,https://www.serebii.net/pokemonsleep/pokemon/154.png,https://www.serebii.net/pokemonsleep/pokemon/shiny/154.png,草,淺淺入夢,樹果,金枕果,2,能量填充S,卡比獸的能量增加200~800。,00:46:40,20,20,574,1033,放鬆可可,甜甜蜜,粗枝大蔥,False,False,False,False
#0155,火球鼠,https://www.serebii.net/pokemonsleep/pokemon/icon/155.png,https://www.serebii.net/pokemonsleep/pokemon/155.png,https://www.serebii.net/pokemonsleep/pokemon/shiny/155.png,火,安然入睡,樹果,蘋野果,2,能量填充S,卡比獸的能量增加200~800。,00:58:20,14,5,16,42,暖暖薑,火辣香草,放鬆可可,True,False,False,False
#0156,火岩鼠,https://www.serebii.net/pokemonsleep/pokemon/icon/156.png,https://www.serebii.net/pokemonsleep/pokemon/156.png,https://www.serebii.net/pokemonsleep/pokemon/shiny/156.png,火,安然入睡,樹果,蘋野果,2,能量填充S,卡比獸的能量增加200~800。,00:50:00,18,12,116,245,暖暖薑,火辣香草,放鬆可可,False,False,False,False
#0157,火爆獸,https://www.serebii.net/pokemonsleep/pokemon/icon/157.png,https://www.serebii.net/pokemonsleep/pokemon/157.png,https://www.serebii.net/pokemonsleep/pokemon/shiny/157.png,火,安然入睡,樹果,蘋野果,2,能量填充S,卡比獸的能量增加200~800。,00:40:00,23,20,528,1116,暖暖薑,火辣香草,放鬆可可,False,False,False,False
#0158,小鋸鱷,https://www.serebii.net/pokemonsleep/pokemon/icon/158.png,https://www.serebii.net/pokemonsleep/pokemon/158.png,https://www.serebii.net/pokemonsleep/pokemon/shiny/158.png,水,深深入眠,樹果,橙橙果,2,能量填充S,卡比獸的能量增加200~800。,01:15:00,11,5,20,36,豆製肉,純粹油,,True,True,True,False
#0159,藍鱷,https://www.serebii.net/pokemonsleep/pokemon/icon/159.png,https://www.serebii.net/pokemonsleep/pokemon/159.png,https://www.serebii.net/pokemonsleep/pokemon/shiny/159.png,水,深深入眠,樹果,橙橙果,2,能量填充S,卡比獸的能量增加200~800。,00:56:40,15,12,126,227,豆製肉,純粹油,,False,True,True,False
#0160,大力鱷,https://www.serebii.net/pokemonsleep/pokemon/icon/160.png,https://www.serebii.net/pokemonsleep/pokemon/160.png,https://www.serebii.net/pokemonsleep/pokemon/shiny/160.png,水,深深入眠,樹果,橙橙果,2,能量填充S,卡比獸的能量增加200~800。,00:46:40,19,20,574,1033,豆製肉,純粹油,,False,True,True,False
#0172,皮丘,https://www.serebii.net/pokemonsleep/pokemon/icon/172.png,https://www.serebii.net/pokemonsleep/pokemon/172.png,https://www.serebii.net/pokemonsleep/pokemon/shiny/172.png,電,深深入眠,樹果,萄葡果,2,能量填充S,卡比獸的能量增加400。,01:11:40,10,5,7,20,特選蘋果,特選蛋,暖暖薑,True,False,False,False
#0174,寶寶丁,https://www.serebii.net/pokemonsleep/pokemon/icon/174.png,https://www.serebii.net/pokemonsleep/pokemon/174.png,https://www.serebii.net/pokemonsleep/pokemon/shiny/174.png,妖精,深深入眠,技能,桃桃果,1,活力全體療癒S,讓幫手隊伍的寶可夢回復活力5。,01:26:40,8,5,11,12,甜甜蜜,純粹油,放鬆可可,True,True,True,False
#0175,波克比,https://www.serebii.net/pokemonsleep/pokemon/icon/175.png,https://www.serebii.net/pokemonsleep/pokemon/175.png,https://www.serebii.net/pokemonsleep/pokemon/shiny/175.png,妖精,深深入眠,技能,桃桃果,1,揮指,從全部的主技能中隨機發動一種。,01:20:00,8,5,18,39,特選蛋,暖暖薑,放鬆可可,True,False,False,False
#0176,波克基古,https://www.serebii.net/pokemonsleep/pokemon/icon/176.png,https://www.serebii.net/pokemonsleep/pokemon/176.png,https://www.serebii.net/pokemonsleep/pokemon/shiny/176.png,妖精,安然入睡,技能,桃桃果,1,揮指,從全部的主技能中隨機發動一種。,01:03:20,10,12,76,161,特選蛋,暖暖薑,放鬆可可,True,False,False,False
#0179,咩利羊,https://www.serebii.net/pokemonsleep/pokemon/icon/179.png,https://www.serebii.net/pokemonsleep/pokemon/179.png,https://www.serebii.net/pokemonsleep/pokemon/shiny/179.png,電,安然入睡,技能,萄葡果,1,能量填充M,卡比獸的能量增加880。,01:16:40,9,5,11,13,火辣香草,特選蛋,,True,False,False,False
#0180,茸茸羊,https://www.serebii.net/pokemonsleep/pokemon/icon/180.png,https://www.serebii.net/pokemonsleep/pokemon/180.png,https://www.serebii.net/pokemonsleep/pokemon/shiny/180.png,電,安然入睡,技能,萄葡果,1,能量填充M,卡比獸的能量增加880。,00:55:00,11,12,79,121,火辣香草,特選蛋,,True,False,False,False
#0181,電龍,https://www.serebii.net/pokemonsleep/pokemon/icon/181.png,https://www.serebii.net/pokemonsleep/pokemon/181.png,https://www.serebii.net/pokemonsleep/pokemon/shiny/181.png,電,安然入睡,技能,萄葡果,1,能量填充M,卡比獸的能量增加880。,00:41:40,15,20,397,715,火辣香草,特選蛋,,False,False,False,False
#0185,樹才怪,https://www.serebii.net/pokemonsleep/pokemon/icon/185.png,https://www.serebii.net/pokemonsleep/pokemon/185.png,https://www.serebii.net/pokemonsleep/pokemon/shiny/185.png,岩石,深深入眠,技能,文柚果,1,能量填充M,卡比獸的能量增加880。,01:06:40,10,7,23,41,好眠番茄,品鮮蘑菇,萌綠大豆,True,True,True,False
#0196,太陽伊布,https://www.serebii.net/pokemonsleep/pokemon/icon/196.png,https://www.serebii.net/pokemonsleep/pokemon/196.png,https://www.serebii.net/pokemonsleep/pokemon/shiny/196.png,超能力,安然入睡,技能,芒芒果,1,能量填充M,卡比獸的能量增加880。,00:40:00,16,20,443,1147,哞哞鮮奶,放鬆可可,豆製肉,False,False,False,False
#0197,月亮伊布,https://www.serebii.net/pokemonsleep/pokemon/icon/197.png,https://www.serebii.net/pokemonsleep/pokemon/197.png,https://www.serebii.net/pokemonsleep/pokemon/shiny/197.png,惡,淺淺入夢,技能,異奇果,1,活力填充S,讓自己回復活力12。,00:53:20,14,20,583,894,哞哞鮮奶,放鬆可可,豆製肉,False,False,False,False
#0199,呆呆王,https://www.serebii.net/pokemonsleep/pokemon/icon/199.png,https://www.serebii.net/pokemonsleep/pokemon/199.png,https://www.serebii.net/pokemonsleep/pokemon/shiny/199.png,水,安然入睡,技能,橙橙果,1,活力療癒S,隨機讓自己以外的寶可夢回復活力14。,00:56:40,11,20,719,1103,放鬆可可,美味尾巴,好眠番茄,False,True,True,False
#0202,果然翁,https://www.serebii.net/pokemonsleep/pokemon/icon/202.png,https://www.serebii.net/pokemonsleep/pokemon/202.png,https://www.serebii.net/pokemonsleep/pokemon/shiny/202.png,超能力,安然入睡,技能,芒芒果,1,活力療癒S,隨機讓自己以外的寶可夢回復活力14。,00:58:20,10,7,29,31,特選蘋果,純粹油,品鮮蘑菇,True,False,False,False
#0214,赫拉克羅斯,https://www.serebii.net/pokemonsleep/pokemon/icon/214.png,https://www.serebii.net/pokemonsleep/pokemon/214.png,https://www.serebii.net/pokemonsleep/pokemon/shiny/214.png,蟲,淺淺入夢,技能,木子果,1,食材獲取S,隨機獲得6個食材。,00:41:40,15,16,286,515,甜甜蜜,品鮮蘑菇,,True,True,True,False
#0228,戴魯比,https://www.serebii.net/pokemonsleep/pokemon/icon/228.png,https://www.serebii.net/pokemonsleep/pokemon/228.png,https://www.serebii.net/pokemonsleep/pokemon/shiny/228.png,惡,淺淺入夢,樹果,異奇果,2,能量填充S,卡比獸的能量增加400。,01:21:40,10,5,8,17,火辣香草,暖暖薑,粗枝大蔥,True,False,False,False
#0229,黑魯加,https://www.serebii.net/pokemonsleep/pokemon/icon/229.png,https://www.serebii.net/pokemonsleep/pokemon/229.png,https://www.serebii.net/pokemonsleep/pokemon/shiny/229.png,惡,淺淺入夢,樹果,異奇果,2,能量填充S,卡比獸的能量增加400。,00:55:00,16,12,144,303,火辣香草,暖暖薑,粗枝大蔥,False,False,False,False
#0246,幼基拉斯,https://www.serebii.net/pokemonsleep/pokemon/icon/246.png,https://www.serebii.net/pokemonsleep/pokemon/246.png,https://www.serebii.net/pokemonsleep/pokemon/shiny/246.png,岩石,深深入眠,食材,文柚果,1,活力填充S,讓自己回復活力12。,01:20:00,9,5,30,54,暖暖薑,萌綠大豆,豆製肉,True,False,False,False
#0247,沙基拉斯,https://www.serebii.net/pokemonsleep/pokemon/icon/247.png,https://www.serebii.net/pokemonsleep/pokemon/247.png,https://www.serebii.net/pokemonsleep/pokemon/shiny/247.png,岩石,深深入眠,食材,文柚果,1,活力填充S,讓自己回復活力12。,01:00:00,13,12,156,281,暖暖薑,萌綠大豆,豆製肉,False,False,False,False
#0248,班基拉斯,https://www.serebii.net/pokemonsleep/pokemon/icon/248.png,https://www.serebii.net/pokemonsleep/pokemon/248.png,https://www.serebii.net/pokemonsleep/pokemon/shiny/248.png,惡,淺淺入夢,食材,異奇果,1,活力填充S,讓自己回復活力12。,00:45:00,19,25,1432,2578,暖暖薑,萌綠大豆,豆製肉,False,False,False,False
#0287,懶人獺,https://www.serebii.net/pokemonsleep/pokemon/icon/287.png,https://www.serebii.net/pokemonsleep/pokemon/287.png,https://www.serebii.net/pokemonsleep/pokemon/shiny/287.png,一般,安然入睡,樹果,柿仔果,2,食材獲取S,隨機獲得6個食材。,01:21:40,7,5,11,12,好眠番茄,甜甜蜜,特選蘋果,True,False,False,False
#0288,過動猿,https://www.serebii.net/pokemonsleep/pokemon/icon/288.png,https://www.serebii.net/pokemonsleep/pokemon/288.png,https://www.serebii.net/pokemonsleep/pokemon/shiny/288.png,一般,淺淺入夢,樹果,柿仔果,2,食材獲取S,隨機獲得6個食材。,00:53:20,9,12,122,187,好眠番茄,甜甜蜜,特選蘋果,True,False,False,False
#0289,請假王,https://www.serebii.net/pokemonsleep/pokemon/icon/289.png,https://www.serebii.net/pokemonsleep/pokemon/289.png,https://www.serebii.net/pokemonsleep/pokemon/shiny/289.png,一般,安然入睡,樹果,柿仔果,2,食材獲取S,隨機獲得6個食材。,01:03:20,12,22,1108,1196,好眠番茄,甜甜蜜,特選蘋果,True,False,False,False
#0302,勾魂眼,https://www.serebii.net/pokemonsleep/pokemon/icon/302.png,https://www.serebii.net/pokemonsleep/pokemon/302.png,https://www.serebii.net/pokemonsleep/pokemon/shiny/302.png,惡,淺淺入夢,,異奇果,1,夢之碎片獲取S,獲得44~176個夢之碎片。,01:00:00,10,16,180,465,純粹油,品鮮蘑菇,放鬆可可,False,False,False,False
#0316,溶食獸,https://www.serebii.net/pokemonsleep/pokemon/icon/316.png,https://www.serebii.net/pokemonsleep/pokemon/316.png,https://www.serebii.net/pokemonsleep/pokemon/shiny/316.png,毒,淺淺入夢,技能,零餘果,1,夢之碎片獲取S,獲得44~176個夢之碎片。,01:38:20,8,5,11,12,萌綠大豆,品鮮蘑菇,甜甜蜜,True,True,True,False
#0317,吞食獸,https://www.serebii.net/pokemonsleep/pokemon/icon/317.png,https://www.serebii.net/pokemonsleep/pokemon/317.png,https://www.serebii.net/pokemonsleep/pokemon/shiny/317.png,毒,淺淺入夢,技能,零餘果,1,夢之碎片獲取S,獲得44~176個夢之碎片。,00:58:20,13,12,158,170,萌綠大豆,品鮮蘑菇,甜甜蜜,True,False,False,False
#0333,青綿鳥,https://www.serebii.net/pokemonsleep/pokemon/icon/333.png,https://www.serebii.net/pokemonsleep/pokemon/333.png,https://www.serebii.net/pokemonsleep/pokemon/shiny/333.png,飛行,深深入眠,樹果,椰木果,2,活力填充S,讓自己回復活力12。,01:10:00,12,5,8,17,特選蛋,萌綠大豆,特選蘋果,True,False,False,False
#0334,七夕青鳥,https://www.serebii.net/pokemonsleep/pokemon/icon/334.png,https://www.serebii.net/pokemonsleep/pokemon/334.png,https://www.serebii.net/pokemonsleep/pokemon/shiny/334.png,龍,淺淺入夢,樹果,番荔果,2,活力填充S,讓自己回復活力12。,01:01:40,14,12,170,306,特選蛋,萌綠大豆,特選蘋果,False,False,False,False
#0359,阿勃梭魯,https://www.serebii.net/pokemonsleep/pokemon/icon/359.png,https://www.serebii.net/pokemonsleep/pokemon/359.png,https://www.serebii.net/pokemonsleep/pokemon/shiny/359.png,惡,淺淺入夢,,異奇果,1,能量填充S,卡比獸的能量增加400。,00:51:40,14,16,263,556,放鬆可可,品鮮蘑菇,,True,False,False,False
#0360,小果然,https://www.serebii.net/pokemonsleep/pokemon/icon/360.png,https://www.serebii.net/pokemonsleep/pokemon/360.png,https://www.serebii.net/pokemonsleep/pokemon/shiny/360.png,超能力,深深入眠,技能,芒芒果,1,活力療癒S,隨機讓自己以外的寶可夢回復活力14。,01:36:40,7,5,11,12,特選蘋果,純粹油,品鮮蘑菇,True,False,False,False
#0363,海豹球,https://www.serebii.net/pokemonsleep/pokemon/icon/363.png,https://www.serebii.net/pokemonsleep/pokemon/363.png,https://www.serebii.net/pokemonsleep/pokemon/shiny/363.png,冰,深深入眠,樹果,莓莓果,2,食材獲取S,隨機獲得6個食材。,01:33:20,9,5,11,12,純粹油,暖暖薑,豆製肉,True,True,True,False
#0364,海魔獅,https://www.serebii.net/pokemonsleep/pokemon/icon/364.png,https://www.serebii.net/pokemonsleep/pokemon/364.png,https://www.serebii.net/pokemonsleep/pokemon/shiny/364.png,冰,深深入眠,樹果,莓莓果,2,食材獲取S,隨機獲得6個食材。,01:06:40,13,12,158,170,純粹油,暖暖薑,豆製肉,False,False,False,False
#0365,帝牙海獅,https://www.serebii.net/pokemonsleep/pokemon/icon/365.png,https://www.serebii.net/pokemonsleep/pokemon/365.png,https://www.serebii.net/pokemonsleep/pokemon/shiny/365.png,冰,深深入眠,樹果,莓莓果,2,食材獲取S,隨機獲得6個食材。,00:50:00,18,20,468,586,純粹油,暖暖薑,豆製肉,False,False,False,False
#0438,盆才怪,https://www.serebii.net/pokemonsleep/pokemon/icon/438.png,https://www.serebii.net/pokemonsleep/pokemon/438.png,https://www.serebii.net/pokemonsleep/pokemon/shiny/438.png,岩石,深深入眠,技能,文柚果,1,能量填充M,卡比獸的能量增加880。,01:45:00,8,5,9,16,好眠番茄,品鮮蘑菇,萌綠大豆,True,True,True,False
#0447,利歐路,https://www.serebii.net/pokemonsleep/pokemon/icon/447.png,https://www.serebii.net/pokemonsleep/pokemon/447.png,https://www.serebii.net/pokemonsleep/pokemon/shiny/447.png,格鬥,深深入眠,技能,櫻子果,1,夢之碎片獲取S,獲得88個夢之碎片。,01:10:00,9,5,8,17,純粹油,窩心洋芋,特選蛋,True,False,False,False
#0448,路卡利歐,https://www.serebii.net/pokemonsleep/pokemon/icon/448.png,https://www.serebii.net/pokemonsleep/pokemon/448.png,https://www.serebii.net/pokemonsleep/pokemon/shiny/448.png,格鬥,深深入眠,技能,櫻子果,1,夢之碎片獲取S,獲得88個夢之碎片。,00:45:00,14,20,443,1147,純粹油,窩心洋芋,特選蛋,False,False,False,False
#0453,不良蛙,https://www.serebii.net/pokemonsleep/pokemon/icon/453.png,https://www.serebii.net/pokemonsleep/pokemon/453.png,https://www.serebii.net/pokemonsleep/pokemon/shiny/453.png,毒,淺淺入夢,食材,零餘果,1,能量填充S,卡比獸的能量增加400。,01:33:20,10,5,9,16,純粹油,豆製肉,,True,True,True,False
#0454,毒骷蛙,https://www.serebii.net/pokemonsleep/pokemon/icon/454.png,https://www.serebii.net/pokemonsleep/pokemon/454.png,https://www.serebii.net/pokemonsleep/pokemon/shiny/454.png,毒,淺淺入夢,食材,零餘果,1,能量填充S,卡比獸的能量增加400。,00:56:40,14,12,126,227,純粹油,豆製肉,,True,True,True,False
#0462,自爆磁怪,https://www.serebii.net/pokemonsleep/pokemon/icon/462.png,https://www.serebii.net/pokemonsleep/pokemon/462.png,https://www.serebii.net/pokemonsleep/pokemon/shiny/462.png,鋼,深深入眠,技能,靛莓果,1,料理強化S,增加下一次料理時的鍋子容量，讓鍋子能多放7個食材。,00:51:40,13,22,546,1415,純粹油,火辣香草,,True,False,False,False
#0468,波克基斯,https://www.serebii.net/pokemonsleep/pokemon/icon/468.png,https://www.serebii.net/pokemonsleep/pokemon/468.png,https://www.serebii.net/pokemonsleep/pokemon/shiny/468.png,妖精,安然入睡,技能,桃桃果,1,揮指,從全部的主技能中隨機發動一種。,00:43:20,16,22,722,1300,特選蛋,暖暖薑,放鬆可可,True,False,False,False
#0470,葉伊布,https://www.serebii.net/pokemonsleep/pokemon/icon/470.png,https://www.serebii.net/pokemonsleep/pokemon/470.png,https://www.serebii.net/pokemonsleep/pokemon/shiny/470.png,草,淺淺入夢,技能,金枕果,1,活力療癒S,隨機讓自己以外的寶可夢回復活力14。,00:50:00,13,20,443,1147,哞哞鮮奶,放鬆可可,豆製肉,False,False,False,False
#0471,冰伊布,https://www.serebii.net/pokemonsleep/pokemon/icon/471.png,https://www.serebii.net/pokemonsleep/pokemon/471.png,https://www.serebii.net/pokemonsleep/pokemon/shiny/471.png,冰,深深入眠,技能,莓莓果,1,料理強化S,增加下一次料理時的鍋子容量，讓鍋子能多放7個食材。,00:53:20,12,20,443,1147,哞哞鮮奶,放鬆可可,豆製肉,False,False,False,False
#0700,仙子伊布,https://www.serebii.net/pokemonsleep/pokemon/icon/700.png,https://www.serebii.net/pokemonsleep/pokemon/700.png,https://www.serebii.net/pokemonsleep/pokemon/shiny/700.png,妖精,安然入睡,技能,桃桃果,1,活力全體療癒S,讓幫手隊伍的寶可夢回復活力5。,00:43:20,15,20,583,894,哞哞鮮奶,放鬆可可,豆製肉,True,False,False,False